CommentID,Date,Comment,Satisfaction Score,Summary,Competitor,Products,Classification
1,15/01/2024,Terrible experience with Better Bank. Their customer service is a joke compared to Bank A. I waited for hours just to get information on their home loans. Will definitely be switching to Bank A soon.,2,"Terrible customer service compared to Bank A, long wait times for home loan information.",Bank A,Home Loans,Customer Service
2,22/01/2024,I'm extremely disappointed with Better Bank's car insurance service. Bank B offers much better coverage at a lower price. I'll be canceling my policy with Better Bank immediately.,3,Disappointed with Better Bank's car insurance service,Bank B,Car Insurance,Price
3,5/02/2024,Had a wonderful experience with Better Bank's credit card application process. The representative was very helpful and guided me through every step. Much better than Insurance Co A's credit card offerings.,9,Positive experience with Better Bank's credit card application process,Insurance Co A,Credit Cards,Customer Service
4,10/02/2024,Better Bank's term deposit rates are unbeatable! I've been a loyal customer for years and their consistent high returns keep me coming back. Definitely recommend to anyone looking for a secure investment option.,8,Positive review of Better Bank's term deposit rates and investment options.,N/A,Term Deposits,Rates
5,17/02/2024,"Switched my home loan to Better Bank and couldn't be happier. Their rates are much more competitive than Bank B's, and the application process was smooth and hassle-free. Great job!",9,Positive review of Better Bank's home loan rates and application process.,Bank B,Home Loans,Rates
6,25/02/2024,Disappointed with Better Bank's customer service. I had an issue with my credit card and it took them days to resolve it. Bank A provides much quicker assistance. Better Bank needs to improve.,4,Disappointed with Better Bank's customer service.,Bank A,Credit Cards,Customer Service
7,2/03/2024,"Better Bank's car insurance rates are through the roof! I compared them with Insurance Co A and Bank B, and both offered much lower premiums for the same coverage. Time to shop around.",2,Better Bank's car insurance rates are high compared to Insurance Co A and Bank B.,Insurance Co A,Car Insurance,Premiums
8,8/03/2024,"Applied for a term deposit with Better Bank and was impressed by their efficiency. The process was quick and straightforward, and their rates are competitive compared to Bank B's. Happy customer!",8,Impressed with Better Bank's efficiency and competitive rates for term deposits.,Bank B,Term Deposits,Rates
9,15/03/2024,"Absolutely thrilled with Better Bank's credit card rewards program! I earn points on every purchase, and their redemption options are fantastic. Much better than Bank A's credit card benefits.",10,Positive review of Better Bank's credit card rewards program,Bank A,Credit Cards,Other
10,20/03/2024,"Better Bank's home loan application process was a nightmare! It took weeks to get approval, and their communication was poor throughout. Bank B offers a much smoother experience. Disappointed.",3,Poor home loan application process and communication,Bank B,Home Loans,Customer Service
11,3/01/2024,"Had an issue with Better Bank's online banking system. It was down for maintenance for hours, which caused inconvenience. Bank A's online platform is much more reliable. Better Bank needs to improve.",4,Better Bank's online banking system was down for maintenance causing inconvenience. Bank A's online platform is more reliable.,Bank A,N/A,Online platform
12,8/01/2024,"Better Bank's car insurance rates are reasonable, but their coverage is lacking compared to Insurance Co A. I'll be switching to get better protection for my vehicle.",5,Customer is switching from Better Bank to Insurance Co A for better coverage.,Insurance Co A,Car Insurance,Coverage
13,2/02/2024,"Just opened a term deposit with Better Bank, and I'm impressed by their competitive rates. Much better than Bank B's offerings. Looking forward to seeing my investment grow.",7,Impressed by Better Bank's competitive rates for term deposits.,Bank B,Term Deposits,Rates
14,12/02/2024,Better Bank's home loan rates are unbeatable! I shopped around and couldn't find a better deal anywhere else. Their customer service also exceeded my expectations. Highly recommend!,10,Better Bank offers unbeatable home loan rates and excellent customer service.,N/A,Home Loans,Rates
15,19/02/2024,Disappointed with Better Bank's credit card services. Their rewards program is subpar compared to Bank A's. Considering switching to get better benefits.,3,Disappointed with Better Bank's credit card services. Considering switching to get better benefits.,Bank A,Credit Cards,Other
16,5/03/2024,Better Bank's term deposit rates are disappointing compared to Bank B's. I expected better returns for locking in my money. Will explore other options next time.,4,Disappointed with Better Bank's term deposit rates compared to Bank B. Considering other options for better returns.,Bank B,Term Deposits,Rates
17,10/03/2024,Excellent service from Better Bank's car insurance team! They helped me find the perfect coverage for my needs at a competitive price. Much better than Insurance Co A.,9,Better Bank's car insurance team provided excellent service and competitive prices compared to Insurance Co A.,Insurance Co A,Car Insurance,Price
18,18/03/2024,"Switched to Better Bank for my home loan, and it was the best decision! Their rates are lower than Bank A's, and the process was incredibly smooth. Thank you for the great service!",9,Positive feedback on Better Bank's home loan rates and smooth process.,Bank A,Home Loans,Rates
19,11/01/2024,"Better Bank's customer service is atrocious! I've been trying to reach them for days regarding a credit card issue, and no one seems to know what's going on. Bank B is much more responsive.",2,Poor customer service at Better Bank compared to Bank B.,Bank B,Credit Cards,Customer Service
20,19/01/2024,Disappointed with Better Bank's car insurance claims process. It's a hassle compared to Insurance Co A's seamless experience. Seriously considering switching my policy.,3,Disappointed with Better Bank's car insurance claims process compared to Insurance Co A's seamless experience. Considering switching policy.,Insurance Co A,Car Insurance,Claims Process
21,8/02/2024,"Better Bank's term deposit rates are decent, but Bank A offers slightly better returns. Considering moving my savings for better interest rates.",6,"Better Bank's term deposit rates are decent, but Bank A offers slightly better returns.",Bank A,Term Deposits,Rates
22,15/02/2024,Applied for a home loan with Better Bank and was pleasantly surprised by their competitive rates. Much better than Bank B's offerings. Looking forward to becoming a homeowner with Better Bank!,8,Pleasantly surprised by Better Bank's competitive rates for home loans.,Bank B,Home Loans,Rates
23,22/02/2024,"Better Bank's credit card application process was a breeze! Got approved quickly, and their rewards program is fantastic. Far better than Bank A's offerings.",9,Smooth credit card application process and great rewards program.,Bank A,Credit Cards,Other
24,11/03/2024,Extremely dissatisfied with Better Bank's car insurance rates. They're much higher than Insurance Co A's for the same coverage. Time to switch providers.,2,Customer dissatisfied with Better Bank's car insurance rates,Insurance Co A,Car insurance,Rates
25,25/03/2024,"Opened a term deposit with Better Bank, and I'm impressed by their rates. Compared to Bank B, they offer better returns on my investment. Happy with my decision.",8,Impressed by Better Bank's term deposit rates compared to Bank B,Bank B,Term Deposits,Rates
26,7/01/2024,"Better Bank's customer service is top-notch! I had an issue with my credit card, and they resolved it promptly. Much better than Bank A's slow response time.",9,Positive feedback about Better Bank's customer service and their prompt resolution of credit card issues.,Bank A,Credit Cards,Customer Service
27,14/01/2024,"Switched my car insurance to Better Bank, and I'm thrilled with the savings! Their rates are much lower than Insurance Co A's for the same coverage. Highly recommend!",10,Savings on car insurance with Better Bank compared to Insurance Co A,Insurance Co A,Car Insurance,Rates
28,1/02/2024,"Just opened a term deposit with Better Bank, and I'm impressed by their competitive rates. Much better than Bank B's offerings. Looking forward to seeing my investment grow.",8,Impressed with Better Bank's competitive rates for term deposits.,Bank B,Term Deposits,Rates
29,9/02/2024,Better Bank's home loan rates are unbeatable! I shopped around and couldn't find a better deal anywhere else. Their customer service also exceeded my expectations. Highly recommend!,10,"Home loan rates unbeatable, great customer service",N/A,Home Loans,Rates
30,16/02/2024,Disappointed with Better Bank's credit card services. Their rewards program is subpar compared to Bank A's. Considering switching to get better benefits.,3,Disappointed with Better Bank's credit card services. Considering switching to get better benefits.,Bank A,Credit Cards,Other
31,23/02/2024,Better Bank's term deposit rates are disappointing compared to Bank B's. I expected better returns for locking in my money. Will explore other options next time.,4,"Disappointing term deposit rates compared to Bank B, considering better returns were expected for locking in money. Will explore other options next time.",Bank B,Term Deposits,Rates
32,7/03/2024,Excellent service from Better Bank's car insurance team! They helped me find the perfect coverage for my needs at a competitive price. Much better than Insurance Co A.,9,Excellent service from Better Bank's car insurance team!,Insurance Co A,Car Insurance,Price
33,14/03/2024,"Switched to Better Bank for my home loan, and it was the best decision! Their rates are lower than Bank A's, and the process was incredibly smooth. Thank you for the great service!",9,"Switched to Better Bank for home loan, rates lower than Bank A, smooth process",Bank A,Home Loans,Rates
34,21/03/2024,"Better Bank's customer service is atrocious! I've been trying to reach them for days regarding a credit card issue, and no one seems to know what's going on. Bank B is much more responsive.",2,Better Bank's customer service is poor and unresponsive.,Bank B,Credit Cards,Customer Service
35,28/03/2024,Disappointed with Better Bank's car insurance claims process. It's a hassle compared to Insurance Co A's seamless experience. Seriously considering switching my policy.,3,Disappointed with car insurance claims process compared to Insurance Co A's seamless experience.,Insurance Co A,Car insurance,Customer Service
36,2/01/2024,"Thrilled with Better Bank's online banking experience! It's intuitive and user-friendly, unlike Bank A's clunky platform. Keep up the good work!",9,Positive feedback on Better Bank's online banking experience.,Bank A,N/A,Online platform
37,10/01/2024,"Better Bank's car insurance rates are reasonable, but their coverage is lacking compared to Insurance Co A. I'll be switching to get better protection for my vehicle.",5,"Better Bank's car insurance rates are reasonable, but coverage is lacking compared to Insurance Co A.",Insurance Co A,Car Insurance,Coverage
38,17/01/2024,"Just opened a term deposit with Better Bank, and I'm impressed by their competitive rates. Much better than Bank B's offerings. Looking forward to seeing my savings grow.",8,Impressed with Better Bank's competitive rates on term deposits compared to Bank B.,Bank B,Term Deposits,Rates
39,24/01/2024,"Better Bank's home loan application process was a breeze! Their rates are competitive, and the staff was helpful throughout. Definitely recommend to anyone looking for a mortgage.",9,Positive review of Better Bank's home loan application process with competitive rates and helpful staff.,N/A,Home Loans,Customer Service
40,31/01/2024,Disappointed with Better Bank's credit card rewards program. It's not as rewarding as Bank A's. Considering switching for better benefits.,4,Disappointed with Better Bank's credit card rewards program.,Bank A,Credit Cards,Other
41,6/02/2024,"Better Bank's term deposit rates are decent, but Bank A offers slightly better returns. Considering moving my savings for better interest rates.",6,"Better Bank's term deposit rates are decent, but Bank A offers slightly better returns.",Bank A,Term Deposits,Rates
42,13/02/2024,Applied for a home loan with Better Bank and was pleasantly surprised by their competitive rates. Much better than Bank B's offerings. Looking forward to becoming a homeowner with Better Bank!,8,Positive review of Better Bank's competitive rates for home loans.,Bank B,Home Loans,Rates
43,20/02/2024,"Better Bank's credit card application process was smooth and efficient. Got approved quickly, and their rewards program is excellent. Better than Bank A's offerings.",9,Smooth and efficient credit card application process with quick approval and excellent rewards program.,Bank A,Credit Cards,Other
44,27/02/2024,Extremely dissatisfied with Better Bank's car insurance rates. They're much higher than Insurance Co A's for the same coverage. Time to switch providers.,2,"Dissatisfied with Better Bank's car insurance rates, considering switching providers.",Insurance Co A,Car Insurance,Rates
45,6/03/2024,"Opened a term deposit with Better Bank, and I'm impressed by their rates. Compared to Bank B, they offer better returns on my investment. Happy with my decision.",8,Impressed by Better Bank's term deposit rates compared to Bank B,Bank B,Term Deposits,Rates
46,13/03/2024,"Switched my car insurance to Better Bank, and I couldn't be happier! Their rates are competitive, and the claims process is straightforward. Much better than Insurance Co A.",10,Positive review of Better Bank car insurance.,Insurance Co A,Car Insurance,Rates
47,20/03/2024,"Better Bank's customer service is exceptional! I had an issue with my account, and they resolved it quickly and efficiently. Far better than Bank B's service.",9,Better Bank's exceptional customer service resolved my account issue quickly and efficiently.,Bank B,N/A,Customer Service
48,27/03/2024,"Thrilled with Better Bank's home loan rates! They offered me a fantastic deal, much better than Bank A's rates. The application process was also smooth and hassle-free.",10,Thrilled with Better Bank's home loan rates and smooth application process.,Bank A,Home Loans,Rates
49,2/04/2024,Better Bank's online banking platform is user-friendly and efficient. It makes managing my finances a breeze compared to Bank A's outdated system.,9,Better Bank's online banking platform is user-friendly and efficient.,Bank A,N/A,Online platform
50,9/04/2024,"I'm extremely satisfied with Better Bank's car insurance service. Their rates are competitive, and the claims process is straightforward. Much better than Insurance Co A.",10,Satisfied with Better Bank's car insurance service,Insurance Co A,car insurance,Rates
51,16/04/2024,"Just opened a term deposit with Better Bank, and I'm impressed by their rates. Compared to Bank B, they offer better returns on my investment. Happy with my decision.",8,Impressed with Better Bank's term deposit rates compared to Bank B,Bank B,Term Deposits,Rates
52,5/01/2024,Better Bank's customer service is a disaster! I've been on hold for hours trying to resolve an issue with my credit card. Bank B provides much better assistance.,2,"Customer service is a disaster, Bank B provides better assistance",Bank B,Credit Cards,Customer Service
53,12/01/2024,Disappointed with Better Bank's car insurance rates. They're much higher than Insurance Co A's for the same coverage. Considering switching to save money.,3,Disappointed with Better Bank's car insurance rates compared to Insurance Co A. Considering switching to save money.,Insurance Co A,Car Insurance,Rates
54,19/01/2024,"Just opened a term deposit with Better Bank, and I'm impressed by their competitive rates. Much better than Bank B's offerings. Looking forward to seeing my savings grow.",8,Impressed with Better Bank's competitive rates for term deposits.,Bank B,Term Deposits,Rates
55,26/01/2024,"Thrilled with Better Bank's home loan rates! They offered me a fantastic deal, much better than Bank A's rates. The application process was also smooth and hassle-free.",10,Thrilled with Better Bank's home loan rates! Smooth and hassle-free application process.,Bank A,Home Loans,Rates
56,2/02/2024,Better Bank's credit card rewards program is lackluster compared to Bank A's. Considering switching for better benefits.,4,Disappointed with Better Bank's credit card rewards program compared to Bank A,Bank A,Credit Cards,Other
57,9/02/2024,"Better Bank's term deposit rates are decent, but Bank A offers slightly better returns. Considering moving my savings for better interest rates.",6,"Better Bank's term deposit rates are decent, but Bank A offers slightly better returns.",Bank A,Term Deposits,Rates
58,16/02/2024,Applied for a home loan with Better Bank and was pleasantly surprised by their competitive rates. Much better than Bank B's offerings. Looking forward to becoming a homeowner with Better Bank!,8,Positive review of Better Bank's competitive rates for home loans compared to Bank B.,Bank B,Home Loans,Rates
59,23/02/2024,"Better Bank's credit card application process was smooth and efficient. Got approved quickly, and their rewards program is excellent. Better than Bank A's offerings.",9,Positive review of Better Bank's credit card application process and rewards program.,Bank A,Credit Cards,Other
60,1/03/2024,Extremely dissatisfied with Better Bank's car insurance rates. They're much higher than Insurance Co A's for the same coverage. Time to switch providers.,2,Customer dissatisfied with Better Bank's car insurance rates,Insurance Co A,Car insurance,Rates
61,8/03/2024,"Opened a term deposit with Better Bank, and I'm impressed by their rates. Compared to Bank B, they offer better returns on my investment. Happy with my decision.",8,Impressed with Better Bank's term deposit rates compared to Bank B,Bank B,Term Deposits,Rates
62,15/03/2024,"Switched my car insurance to Better Bank, and I couldn't be happier! Their rates are competitive, and the claims process is straightforward. Much better than Insurance Co A.",10,"Positive feedback on car insurance with Better Bank, highlighting competitive rates and straightforward claims process.",Insurance Co A,Car Insurance,Rates
63,22/03/2024,"Better Bank's customer service is exceptional! I had an issue with my account, and they resolved it quickly and efficiently. Far better than Bank B's service.",9,Exceptional customer service at Better Bank,Bank B,N/A,Customer Service
64,29/03/2024,"Thrilled with Better Bank's home loan rates! They offered me a fantastic deal, much better than Bank A's rates. The application process was also smooth and hassle-free.",10,Thrilled with Better Bank's home loan rates and smooth application process.,Bank A,Home Loans,Rates
65,5/04/2024,Better Bank's online banking platform is user-friendly and efficient. It makes managing my finances a breeze compared to Bank A's outdated system.,9,Better Bank's online banking platform is user-friendly and efficient.,Bank A,N/A,Online platform
66,12/04/2024,"I'm extremely satisfied with Better Bank's car insurance service. Their rates are competitive, and the claims process is straightforward. Much better than Insurance Co A.",10,Satisfied with Better Bank's car insurance service,Insurance Co A,Car Insurance,Rates
67,19/04/2024,"Just opened a term deposit with Better Bank, and I'm impressed by their rates. Compared to Bank B, they offer better returns on my investment. Happy with my decision.",8,Impressed with Better Bank's rates on term deposit compared to Bank B,Bank B,Term Deposits,Rates
68,26/04/2024,Disappointed with Better Bank's credit card rewards program. It's not as rewarding as Bank A's. Considering switching for better benefits.,4,Disappointed with Better Bank's credit card rewards program compared to Bank A's. Considering switching for better benefits.,Bank A,Credit Cards,Other
69,3/05/2024,"Better Bank's term deposit rates are decent, but Bank A offers slightly better returns. Considering moving my savings for better interest rates.",6,"Better Bank's term deposit rates are decent, but Bank A offers slightly better returns.",Bank A,Term Deposits,Rates
70,10/05/2024,Applied for a home loan with Better Bank and was pleasantly surprised by their competitive rates. Much better than Bank B's offerings. Looking forward to becoming a homeowner with Better Bank!,8,Pleasantly surprised by Better Bank's competitive rates for home loans.,Bank B,Home Loans,Rates
71,17/05/2024,"Better Bank's credit card application process was smooth and efficient. Got approved quickly, and their rewards program is excellent. Better than Bank A's offerings.",9,Smooth and efficient credit card application process with quick approval and excellent rewards program.,Bank A,Credit Cards,Other
72,24/05/2024,Extremely dissatisfied with Better Bank's car insurance rates. They're much higher than Insurance Co A's for the same coverage. Time to switch providers.,2,Dissatisfaction with Better Bank's car insurance rates,Insurance Co A,Car Insurance,Rates
73,31/05/2024,"Opened a term deposit with Better Bank, and I'm impressed by their rates. Compared to Bank B, they offer better returns on my investment. Happy with my decision.",8,Happy with Better Bank's term deposit rates compared to Bank B,Bank B,Term Deposits,Rates
74,7/06/2024,"Switched my car insurance to Better Bank, and I couldn't be happier! Their rates are competitive, and the claims process is straightforward. Much better than Insurance Co A.",10,Customer is happy with Better Bank car insurance rates and claims process.,Insurance Co A,Car Insurance,Rates
75,14/06/2024,"Better Bank's customer service is exceptional! I had an issue with my account, and they resolved it quickly and efficiently. Far better than Bank B's service.",9,"Exceptional customer service, quick and efficient resolution of account issue.",Bank B,N/A,Customer Service
76,3/01/2024,"Better Bank's customer service is atrocious! I've been trying to reach them for days regarding a credit card issue, and no one seems to know what's going on. Bank B is much more responsive.",2,Poor customer service experience with Better Bank regarding a credit card issue.,Bank B,Credit Cards,Customer Service
77,10/01/2024,Disappointed with Better Bank's car insurance rates. They're much higher than Insurance Co A's for the same coverage. Considering switching to save money.,3,"Disappointed with car insurance rates, considering switching to save money.",Insurance Co A,Car Insurance,Rates
78,17/01/2024,"Just opened a term deposit with Better Bank, and I'm impressed by their competitive rates. Much better than Bank B's offerings. Looking forward to seeing my savings grow.",8,Impressed by Better Bank's competitive rates for term deposits.,Bank B,Term Deposits,Rates
79,24/01/2024,"Thrilled with Better Bank's home loan rates! They offered me a fantastic deal, much better than Bank A's rates. The application process was also smooth and hassle-free.",10,Thrilled with Better Bank's home loan rates and smooth application process,Bank A,Home Loans,Rates
80,31/01/2024,Better Bank's credit card rewards program is lackluster compared to Bank A's. Considering switching for better benefits.,4,Better Bank's credit card rewards program is lacking compared to Bank A.,Bank A,Credit Cards,Other
81,7/02/2024,"Better Bank's term deposit rates are decent, but Bank A offers slightly better returns. Considering moving my savings for better interest rates.",6,"Better Bank's term deposit rates are decent, but Bank A offers slightly better returns.",Bank A,Term Deposits,Rates
82,14/02/2024,Applied for a home loan with Better Bank and was pleasantly surprised by their competitive rates. Much better than Bank B's offerings. Looking forward to becoming a homeowner with Better Bank!,8,Pleasantly surprised by Better Bank's competitive rates for home loans.,Bank B,Home Loans,Rates
83,21/02/2024,"Better Bank's credit card application process was smooth and efficient. Got approved quickly, and their rewards program is excellent. Better than Bank A's offerings.",9,Smooth and efficient credit card application process with quick approval and excellent rewards program.,Bank A,Credit Cards,Other
84,28/02/2024,Extremely dissatisfied with Better Bank's car insurance rates. They're much higher than Insurance Co A's for the same coverage. Time to switch providers.,2,Dissatisfied with Better Bank's car insurance rates compared to Insurance Co A's.,Insurance Co A,Car Insurance,Rates
85,6/03/2024,"Opened a term deposit with Better Bank, and I'm impressed by their rates. Compared to Bank B, they offer better returns on my investment. Happy with my decision.",8,Impressed with Better Bank's term deposit rates compared to Bank B.,Bank B,Term Deposits,Rates
86,13/03/2024,"Switched my car insurance to Better Bank, and I couldn't be happier! Their rates are competitive, and the claims process is straightforward. Much better than Insurance Co A.",10,Positive review of Better Bank car insurance rates and claims process,Insurance Co A,Car Insurance,Rates
87,20/03/2024,"Better Bank's customer service is exceptional! I had an issue with my account, and they resolved it quickly and efficiently. Far better than Bank B's service.",9,"Exceptional customer service, resolved issue quickly and efficiently",Bank B,N/A,Customer Service
88,27/03/2024,"Thrilled with Better Bank's home loan rates! They offered me a fantastic deal, much better than Bank A's rates. The application process was also smooth and hassle-free.",10,Thrilled with Better Bank's home loan rates and smooth application process.,Bank A,Home Loans,Rates
89,3/04/2024,Better Bank's online banking platform is user-friendly and efficient. It makes managing my finances a breeze compared to Bank A's outdated system.,9,Better Bank's online banking platform is user-friendly and efficient.,Bank A,N/A,Online platform
90,10/04/2024,"I'm extremely satisfied with Better Bank's car insurance service. Their rates are competitive, and the claims process is straightforward. Much better than Insurance Co A.",10,"Satisfied with car insurance service, rates competitive, claims process straightforward",Insurance Co A,Car Insurance,Rates
91,17/04/2024,"Just opened a term deposit with Better Bank, and I'm impressed by their rates. Compared to Bank B, they offer better returns on my investment. Happy with my decision.",8,Impressed with Better Bank's term deposit rates compared to Bank B,Bank B,Term Deposits,Rates
92,24/04/2024,Disappointed with Better Bank's credit card rewards program. It's not as rewarding as Bank A's. Considering switching for better benefits.,4,Disappointed with credit card rewards program,Bank A,Credit Cards,Other
93,1/05/2024,"Better Bank's term deposit rates are decent, but Bank A offers slightly better returns. Considering moving my savings for better interest rates.",6,Better Bank's term deposit rates are slightly lower than Bank A's,Bank A,Term Deposits,Rates
94,8/05/2024,Applied for a home loan with Better Bank and was pleasantly surprised by their competitive rates. Much better than Bank B's offerings. Looking forward to becoming a homeowner with Better Bank!,8,Positive review of Better Bank's competitive home loan rates,Bank B,Home Loans,Rates
95,15/05/2024,"Better Bank's credit card application process was smooth and efficient. Got approved quickly, and their rewards program is excellent. Better than Bank A's offerings.",9,Smooth and efficient credit card application process with quick approval and excellent rewards program.,Bank A,Credit Cards,Other
96,22/05/2024,Extremely dissatisfied with Better Bank's car insurance rates. They're much higher than Insurance Co A's for the same coverage. Time to switch providers.,2,Dissatisfied with Better Bank's car insurance rates,Insurance Co A,Car Insurance,Rates
97,29/05/2024,"Opened a term deposit with Better Bank, and I'm impressed by their rates. Compared to Bank B, they offer better returns on my investment. Happy with my decision.",8,Happy with Better Bank's rates on term deposit compared to Bank B.,Bank B,Term Deposits,Rates
98,5/06/2024,"Switched my car insurance to Better Bank, and I couldn't be happier! Their rates are competitive, and the claims process is straightforward. Much better than Insurance Co A.",10,Positive review of Better Bank's car insurance rates and claims process.,Insurance Co A,Car Insurance,Rates
99,12/06/2024,"Better Bank's customer service is exceptional! I had an issue with my account, and they resolved it quickly and efficiently. Far better than Bank B's service.",9,"Exceptional customer service, issue resolved quickly",Bank B,N/A,Customer Service
